Cesar,Garcia,colt_zboncak@beer.org,"516.393.9022 x088,2017-07-18 16:18:00 -0500",2017-07-18 18:34:58 -0500
Romaine,Hudson,joel@lednerluettgen.org,1-984-485-7121 x05493,2017-07-18 18:34:58 -0500
Terrell,Runolfsson,weldon_koepp@moen.net,464-962-7629 x600,2017-07-18 18:34:58 -0500
Keenan,Sporer,darrion.orn@walker.biz,368.670.4070,2017-07-18 18:34:58 -0500
Marty,Gaylord,cameron@powlowski.biz,225-192-7518,2017-07-18 18:34:58 -0500
Marisol,Wisoky,judy_oconner@torp.biz,450-690-3801 x25580,2017-07-18 18:34:58 -0500
Jaeden,Grant,brooke@lockman.org,1-652-385-9137 x19055,2017-07-18 18:34:58 -0500
Orie,Harvey,kariane@beier.co,334.911.2706,2017-07-18 18:34:58 -0500
Kyra,Cormier,drake.wintheiser@hickle.biz,(420) 659-0069,2017-07-18 18:34:58 -0500
Josh,McGlynn,aurore.ruecker@kilback.co,1-195-876-0020,2017-07-18 18:34:58 -0500
Joe,Bernier,kaley.simonis@purdy.net,879-268-2338,2017-07-18 18:34:58 -0500
Jewell,Kirlin,trystan@eichmannlynch.com,1-206-437-7335 x7410,2017-07-18 18:34:58 -0500
Leland,Vandervort,pat_harvey@konopelski.info,(934) 559-9770,2017-07-18 18:34:58 -0500
Graciela,Bogan,karley@mante.name,1-709-181-4510,2017-07-18 18:34:58 -0500
Brad,Kessler,treie@kilback.biz,623-344-6331 x28640,2017-07-18 18:34:58 -0500
Jasper,Renner,zander@jacobsongrady.name,486.587.7959 x84183,2017-07-18 18:34:58 -0500
Joanie,Brekke,ara.hagenes@christiansen.biz,1-903-115-5721 x5264,2017-07-18 18:34:58 -0500
Candice,Walker,sim.koepp@boyle.net,921.707.2013,2017-07-18 18:34:58 -0500
Margarette,Beatty,leta_weinat@dickensnikolaus.io,(449) 879-6402 x646,2017-07-18 18:34:58 -0500
Jazmyne,Buckridge,rosalia@wilderman.name,1-476-393-9357,2017-07-18 18:34:58 -0500
